Employee_ID;Salary;Department
817;6151;7
752;1142;1
440;1200;7
521;6368;7
408;7976;1
793;2794;7
487;3673;1
502;1379;3
820;6075;5
464;1676;4
410;2585;1
321;3289;2
889;7815;6
302;7392;7
606;3420;4
235;6382;5
236;1069;2
143;7251;7
267;7116;4
468;2309;5
882;6907;4
473;1949;6
458;1758;6
520;3724;3
245;8439;6
781;3626;4
896;2312;2
55;6769;5
742;4367;5
441;7270;5
124;7124;3
115;1628;5
353;7775;5
731;1671;4
598;7279;5
46;1509;2
725;1050;5
769;8603;1
971;6542;6
48;3530;4
455;4190;3
299;8225;7
574;4636;6
532;5711;6
241;8799;7
329;5430;4
265;8549;2
988;7839;6
608;6705;5
155;8795;5
848;5178;4
919;2487;6
224;8069;5
52;3933;1
540;5826;4
636;7174;3
113;1079;6
576;7471;7
486;8078;6
569;1478;5
942;6810;7
972;1358;7
312;2584;3
855;6837;7
524;2097;4
696;8116;6
304;4430;3
627;5511;5
175;7416;3
633;2100;7
161;5005;4
496;1019;6
332;8111;6
753;3674;2
256;4598;1
105;4064;7
5;6945;3
732;3150;3
707;7715;4
968;8683;6
709;8409;5
930;4227;7
541;5302;3
986;8220;5
463;5931;7
264;1872;1
859;4140;5
816;3376;2
878;6935;4
158;7607;2
367;2282;1
110;5031;2
885;3926;2
363;7259;4
266;3847;2
891;7929;1
356;2399;1
950;5828;5
544;2891;3
252;6477;5
619;7700;5
185;2802;7
856;7888;1
704;4640;3
557;7640;5
539;7827;2
945;8585;7
834;7376;4
474;2343;4
600;3283;5
49;3228;2
323;1948;3
412;7561;7
851;7099;2
340;1928;2
451;1681;2
80;5095;3
489;7174;3
360;1777;6
902;7139;2
399;2953;2
4;2368;1
866;4572;5
998;7338;7
535;3340;3
751;8254;3
960;4022;7
296;2167;5
42;4062;7
643;3733;5
957;1309;1
922;7945;6
939;7889;6
617;6211;7
318;5393;2
404;4784;1
370;4237;6
665;6768;6
391;3497;4
671;2158;3
26;5177;3
289;5415;2
20;1132;5
74;4830;1
45;2204;1
797;6689;4
764;2037;6
43;4626;1
929;8534;5
699;6809;7
208;2413;4
956;2534;1
490;3570;7
139;7119;7
514;1471;5
551;2565;6
169;5060;3
257;8616;5
868;8615;2
272;5226;6
925;3552;3
983;1708;2
78;2984;5
60;8358;3
596;1573;2
324;4371;5
333;8854;3
41;7629;4
832;5598;4
189;4565;1
150;1824;7
712;1056;5
438;3861;1
990;3525;3
645;8772;1
994;1162;2
347;2198;4
863;6588;7
757;1847;4
395;3784;7
750;4364;5
218;7493;4
928;7362;3
25;7693;7
34;2282;2
183;7812;7
650;5663;7
591;1682;7
737;3608;3
592;2135;6
1;4677;7
343;5387;4
924;6933;7
230;1211;6
528;1912;7
15;2038;7
286;8887;3
204;7277;3
311;1406;1
234;2021;4
618;5409;6
494;7154;2
611;5160;1
761;5497;6
641;4744;7
478;5307;4
437;7769;1
406;7905;1
209;7274;3
210;2165;3
798;2690;7
959;4638;2
985;8545;1
837;2994;6
172;2913;3
79;5055;2
160;7278;1
573;7269;1
803;7299;7
894;8750;6
864;8767;2
366;3332;4
298;3112;5
626;2168;7
954;1783;7
970;1928;5
471;8575;3
622;5431;7
967;3601;4
382;7626;5
285;8899;2
552;7476;2
515;8339;1
444;4751;5
100;7744;7
664;4315;1
194;3959;1
736;4917;2
961;4198;3
345;3485;3
759;8187;3
501;8669;4
773;6918;3
976;2758;7
11;1448;6
101;1491;1
483;7013;3
604;2747;3
87;6358;7
83;3648;6
782;5055;1
405;1380;2
401;8455;4
900;5803;5
84;1445;4
794;5424;6
238;4699;2
39;1456;5
446;4232;6
705;7621;3
715;8691;3
504;2062;7
247;3181;4
187;3874;5
603;3451;5
610;3946;2
940;5066;5
66;3698;2
414;4957;1
436;8623;1
692;5478;7
810;8570;6
354;3401;5
716;7461;2
995;5119;4
198;2410;1
50;2905;5
95;1480;1
669;7113;2
875;1524;2
523;5944;4
663;3857;6
962;2001;5
461;7153;1
584;5913;1
741;3562;2
376;4201;1
529;7147;4
819;6030;5
319;2035;1
246;4990;7
293;6313;5
453;3346;1
906;5389;4
398;6739;1
71;5914;3
397;8792;1
830;7185;1
309;5957;5
586;8211;7
98;5606;4
568;5679;4
836;4036;7
157;2564;3
947;2733;7
38;4394;7
205;2992;5
164;5296;4
533;6415;7
566;4812;1
427;8712;2
883;7867;6
305;2713;6
380;6248;1
240;4066;4
146;3687;1
394;6126;1
996;7614;3
657;3655;4
415;3657;1
717;6642;6
992;6675;7
151;4175;6
86;7854;6
359;1399;4
141;5927;7
984;1561;7
352;5106;2
214;5934;3
423;2214;1
485;8343;5
867;7914;4
771;5416;4
327;7811;4
188;3898;7
812;1756;3
341;7668;7
268;3608;2
979;2520;3
181;1940;2
667;3732;5
67;6115;4
280;2014;6
616;1096;7
145;4821;7
503;6080;2
47;6619;3
411;7841;5
251;5441;5
462;7411;2
511;5775;3
148;1715;6
522;3965;2
75;1102;2
349;1103;3
88;8611;1
117;4705;4
334;3501;3
19;6451;2
342;5160;4
58;3454;3
765;5048;2
182;1410;5
320;5067;5
813;4915;1
846;5804;1
744;4232;4
762;7406;5
202;7481;3
258;2942;4
691;1605;3
432;4398;6
914;2534;4
815;6129;7
659;6705;4
695;2824;3
886;7519;5
517;2719;1
2;8737;7
452;3115;4
888;4683;2
719;5722;5
3;4527;4
118;3187;1
392;5706;1
13;1717;6
909;5948;3
422;3701;2
558;6032;1
476;3738;6
292;6926;2
907;8511;5
507;5288;3
550;1560;4
122;3441;2
315;3290;6
497;5167;2
910;8364;4
879;8946;2
564;3082;4
81;8312;6
109;4900;3
10;4967;5
386;8915;4
428;8941;3
729;7810;2
758;7843;6
843;3119;1
920;1370;3
582;7338;5
201;8318;3
297;2115;2
978;3160;1
915;3087;5
288;8480;7
54;2003;1
862;5807;5
470;6460;3
491;7321;6
649;8231;6
73;6755;6
849;4417;2
786;3010;2
219;1314;3
387;7562;4
548;8050;2
549;8622;4
860;2152;1
176;7802;1
656;5337;7
361;6002;5
670;7204;2
229;7392;1
445;1222;7
921;5673;7
824;4194;4
22;6349;7
36;4217;2
509;6713;1
253;8948;7
720;4604;7
418;5611;2
806;6299;6
683;8192;3
368;5930;2
931;2948;4
828;3469;6
338;1169;3
166;6905;5
563;1211;2
407;3119;6
335;1402;5
790;2600;5
835;7602;1
488;6352;2
232;7908;6
647;2577;1
132;5101;7
275;5136;7
694;3485;7
560;7299;4
174;2266;2
37;3560;7
666;4482;6
223;3065;3
728;3778;7
248;5353;4
763;7514;5
228;1409;2
76;7767;7
362;3032;6
65;8243;5
826;2723;3
974;7362;2
703;3562;4
481;8370;3
290;2801;1
270;6594;4
676;6278;1
28;1019;1
277;7877;5
206;4590;4
852;3306;3
981;7543;3
700;6912;7
679;1566;3
53;6168;5
378;8572;2
409;6014;6
841;8748;4
328;1028;1
379;2603;6
652;4565;1
858;8094;6
543;3626;4
680;7679;3
364;5223;3
32;8316;6
263;5389;2
547;5086;6
917;6285;3
250;7899;3
211;4888;1
448;5892;1
923;7536;2
300;3760;5
884;3676;6
589;3508;7
723;6956;1
99;7458;3
575;5705;5
686;2297;2
215;1130;5
559;6730;1
989;2050;3
829;4415;3
631;5487;5
844;5348;2
127;5729;4
435;2440;2
583;2129;3
111;1523;2
949;6718;4
239;7073;6
537;5802;2
545;3154;2
106;4428;7
554;5412;2
772;8803;3
609;1666;7
135;8119;5
227;5222;7
880;1724;2
125;2734;7
260;3276;7
350;5050;4
403;3370;3
447;5138;5
336;6438;3
508;5202;7
57;2142;1
62;3346;1
809;2776;6
493;3034;1
946;7920;7
199;7288;4
128;2560;2
987;5764;1
738;3557;2
96;4255;2
97;5436;5
588;6315;2
800;5279;4
721;1850;2
358;7858;7
918;6075;2
526;7807;1
572;1309;6
369;6403;3
456;7983;6
822;5099;3
530;6627;2
294;2031;5
129;7992;2
525;3839;3
68;7348;5
637;6563;1
278;5855;6
601;7235;4
802;8853;7
459;1504;1
958;2795;3
450;1779;6
92;6161;6
482;8124;6
779;6128;1
274;4735;7
776;7055;1
675;2289;1
193;6145;4
727;8840;4
225;6720;7
595;8485;1
424;8521;5
171;1651;5
562;8351;6
513;3074;5
857;2397;2
371;1981;2
303;6643;7
243;1334;2
190;7677;4
538;1740;7
331;8136;1
693;7831;3
778;7158;4
126;4574;7
116;2839;5
72;1868;7
623;8325;4
876;4363;5
556;5268;7
938;7451;6
426;1827;3
179;1756;1
854;1920;3
534;7824;4
795;3066;5
788;8924;5
632;4203;1
953;5182;5
681;7244;2
814;5481;3
593;8848;1
196;8507;6
207;1839;3
385;7613;7
136;7668;2
167;6572;3
244;5727;5
6;5088;7
8;5539;4
442;8279;2
82;3841;5
177;3154;3
982;8507;6
934;4393;5
31;2317;5
306;5681;7
351;2916;3
33;1756;7
997;5839;7
594;5738;5
646;8282;6
21;1227;2
899;1128;6
579;7267;5
153;2420;5
114;4813;2
599;2979;1
754;2864;6
748;2742;3
903;4823;6
197;6868;3
805;8431;3
869;7982;4
937;2611;2
213;6093;7
454;4135;1
388;4056;4
991;6744;7
905;5341;5
499;7504;5
27;3057;7
612;3561;6
467;5990;3
89;6687;3
912;4253;4
365;6315;7
372;6934;3
138;8223;1
944;3051;7
948;1948;3
674;2739;1
687;5086;2
44;3983;2
516;5964;3
457;2799;2
571;5721;7
492;1059;7
904;6745;2
384;6637;7
217;6899;1
120;8856;6
783;6542;1
40;4556;7
484;4242;3
887;3907;2
273;3520;1
94;2045;7
585;8924;7
951;7623;3
777;7755;4
708;1692;2
746;1279;1
839;4163;1
255;4113;6
678;6964;5
1000;1286;4
63;5777;2
29;6804;4
154;6579;6
231;3768;3
825;5592;2
624;2741;1
283;1793;2
254;1437;5
91;7443;4
421;7799;3
419;8848;7
170;3229;2
140;2317;4
14;8391;5
661;7213;2
195;8038;3
152;4546;3
477;3054;5
607;2076;1
107;4277;7
413;1663;3
553;1905;7
749;8313;4
348;7824;6
212;3787;2
221;6013;2
807;6586;3
498;2283;2
861;4117;2
713;1694;3
801;6066;3
973;2506;5
429;1388;6
672;5395;3
69;7174;6
980;7193;6
466;6561;6
536;3530;4
635;7476;3
654;1890;6
144;1593;3
121;7203;2
941;1486;3
845;8839;2
733;7275;6
133;3332;4
344;4242;2
163;4269;2
500;8739;2
156;7579;4
61;1151;6
936;6547;1
767;4431;1
460;4536;6
123;5225;6
417;8747;5
739;3255;7
784;3635;7
605;3768;3
747;3587;4
711;6645;4
578;7425;5
281;6452;4
874;1267;6
314;1514;3
706;7418;5
16;7587;3
629;5906;3
531;7945;7
964;1100;7
390;5930;1
581;6042;4
85;2125;6
577;3275;5
56;8795;1
597;2399;5
518;3932;6
149;4556;6
775;5688;2
975;5680;6
756;4709;2
881;5298;4
495;7312;2
192;1137;4
519;2564;3
614;5409;1
724;8772;2
439;1201;6
743;6063;2
655;3861;6
628;6030;3
774;5229;7
242;2538;4
684;1705;6
357;8626;5
200;4921;7
465;3083;7
872;6505;5
714;7497;1
24;4100;5
35;2084;6
119;3343;5
690;7446;4
64;8664;3
735;1046;7
108;5071;4
877;1102;5
808;1528;6
955;2224;1
222;2450;7
689;5145;5
389;1097;5
301;4442;7
546;3066;6
103;8343;7
892;6714;5
93;2808;7
377;6003;3
791;3692;5
416;7520;2
818;4963;3
625;5064;4
102;5490;6
701;1814;6
313;5602;1
168;8816;3
734;3329;7
615;5348;5
682;8364;4
381;5353;1
702;6861;1
833;2376;4
653;1892;3
216;6888;6
838;3298;7
570;2675;4
827;5523;3
165;3257;3
952;3884;3
480;1617;6
322;8117;6
180;2435;1
804;6573;7
112;1208;2
17;6630;3
897;6415;6
865;6044;2
913;7291;3
30;8817;7
178;3966;1
587;5777;1
565;8102;6
346;5832;4
51;4175;2
697;2456;5
648;3736;6
90;5533;3
142;5573;6
730;1435;6
638;7800;5
916;3121;1
173;8062;3
279;8187;4
431;6222;5
602;7903;1
355;7093;1
276;4389;1
233;1211;6
567;2197;7
969;5813;3
890;3714;7
789;8300;5
685;3488;4
186;7776;5
590;2257;4
620;6537;6
908;4825;1
677;7167;5
935;1849;7
375;3714;6
512;4072;6
977;7703;6
644;5494;5
137;4638;6
662;6369;7
443;6729;4
310;8184;4
870;6070;5
963;3045;7
12;1138;3
785;3130;2
400;1851;7
326;7295;4
469;4236;1
402;2422;5
660;7445;2
966;6482;3
271;7714;1
383;1241;5
893;1929;3
184;2968;5
740;3215;4
337;5701;1
658;6569;3
901;3138;7
799;7162;6
449;8672;5
527;8922;7
766;2067;4
226;2389;7
840;2897;4
792;4513;4
640;1145;5
269;3418;6
479;8887;2
59;3613;7
472;2194;3
9;3402;6
262;5259;5
325;5109;5
630;1057;4
927;2135;7
895;4406;4
18;1516;1
698;8552;1
811;3223;6
434;6175;3
542;3012;3
639;4719;7
555;3197;3
307;7820;7
510;8902;3
842;3958;3
710;4618;6
718;2339;6
993;4265;1
425;8238;4
430;8493;6
722;5503;4
475;1041;1
999;5522;7
191;6739;3
668;3767;1
580;4342;7
420;8811;6
787;8640;4
104;2862;3
911;7295;7
561;1963;5
673;3564;1
871;1819;4
282;1847;5
796;3336;3
147;2780;1
926;7637;3
130;1245;2
651;8725;5
203;3107;1
316;8622;1
131;1341;6
23;7363;4
159;3121;1
634;2571;7
70;1155;6
853;1036;7
847;6818;4
898;2778;4
755;6742;3
77;3043;3
823;3365;4
821;4290;5
642;8815;5
965;3865;6
284;1582;3
7;4587;1
287;4501;6
505;8152;7
134;6209;4
317;6287;5
943;3297;5
932;6407;3
308;3218;2
330;1498;2
237;3151;3
339;2105;3
780;4923;7
613;2354;1
261;5480;6
745;8361;5
688;3840;3
396;7434;7
726;6395;5
373;4625;5
768;7681;3
220;6469;4
249;3998;3
621;7131;6
433;8427;2
506;1868;2
393;5262;3
831;3021;6
850;8904;2
873;8357;2
291;4777;3
259;7859;2
760;3320;3
162;4457;5
770;5215;2
374;5823;3
295;2213;4
933;2435;3
